donor_name_e,Principal objective,Significant objective,Sub-Total: focused aid,as % of screened aid,Not targeted,Total: aid screened,Not screened,"Memo: bilateral allocable, total",marker
Australia,155.93,850.63,1 006.56,41.7%,1 407.59,2 414.14,,2 414.14,environment
Austria,83.84,76.01,159.86,35.2%,294.71,454.56,0.15,454.71,environment
Belgium,135.11,263.91,399.02,59.7%,269.16,668.18,263.76,931.95,environment
Canada,512.28,212.08,724.36,18.1%,3 286.58,4 010.94,11.09,4 022.03,environment
Czechia,4.99,10.63,15.62,22.1%,55.02,70.64,1.71,72.35,environment
Denmark,191.95,428.8,620.74,38.3%,998.11,1 618.85,182.25,1 801.11,environment
EU Institutions,2 969.92,5 396.64,8 366.56,38.1%,13 596.74,21 963.31,,21 963.31,environment
Estonia,1.84,0.28,2.12,9.6%,20.06,22.18,2.06,24.24,environment
Finland,14,112.14,126.15,27.4%,333.88,460.03,28.5,488.52,environment
France,2 659.38,1 369.72,4 029.1,49.9%,4 045.86,8 074.96,1 093.36,9 168.32,environment
Germany,2 671.17,6 534.82,9 205.98,50%,9 209.48,18 415.46,1 190.5,19 605.96,environment
Greece,0.15,,0.15,1.9%,7.74,7.89,,7.89,environment
Hungary,13.46,4.47,17.94,47.5%,19.8,37.74,133.52,171.26,environment
Iceland,10.8,24.74,35.54,50.4%,35.04,70.58,,70.58,environment
Ireland,110.34,110.54,220.88,37.2%,373.63,594.51,50.41,644.92,environment
Italy,321.01,373.67,694.67,51.4%,656.32,1 351,224.22,1 575.22,environment
Japan,805.92,9 557.08,10 363,54.2%,8 773.74,19 136.74,799.16,19 935.9,environment
Korea,1 143.26,2 239.23,3 382.49,64.6%,1 857.44,5 239.93,38.54,5 278.47,environment
Latvia,0.06,0.1,0.16,3.6%,4.44,4.6,18.05,22.65,environment
Lithuania,2.82,2.93,5.75,11%,46.59,52.34,26.48,78.82,environment
Luxembourg,15,80.81,95.82,24.4%,296.45,392.26,0,392.26,environment
Netherlands,185.69,387.43,573.12,16.9%,2 811.24,3 384.36,0,3 384.36,environment
New Zealand,140.66,115.14,255.79,51.5%,240.55,496.35,0,496.35,environment
Norway,566.46,563.34,1 129.8,32.6%,2 333.22,3 463.03,,3 463.03,environment
Poland,9.25,9.23,18.49,12.7%,127.57,146.06,75.15,221.21,environment
Portugal,7.46,10.91,18.37,11%,148.09,166.46,1.15,167.62,environment
Romania,0.12,0.03,0.16,0.3%,48.51,48.66,50.95,99.61,environment
Slovak Republic,0.64,5.17,5.81,19%,24.74,30.54,0.09,30.63,environment
Slovenia,4.29,3.5,7.78,28.8%,19.28,27.06,3.05,30.11,environment
Spain,167.01,204.17,371.19,31.8%,797.72,1 168.91,6.13,1 175.04,environment
Sweden,232.42,347.55,579.97,34.2%,1 114.26,1 694.23,74.57,1 768.8,environment
Switzerland,118.11,399.94,518.05,22.7%,1 761.55,2 279.6,,2 279.6,environment
United Kingdom,1 513.45,1 352.5,2 865.95,48.9%,2 990.52,5 856.47,1 343.84,7 200.31,environment
United States,2 108.78,5 185.22,7 294.01,16%,38 189.02,45 483.03,0,45 483.03,environment
All DAC members,16 877.59,36 233.38,53 110.98,35.6%,96 194.65,149 305.6,5 618.7,154 924.3,environment
Australia,189.22,1 307.43,1 496.65,62%,917.49,2 414.14,,2 414.14,gender
Austria,30.89,207.23,238.12,52.4%,216.38,454.51,0.21,454.71,gender
Belgium,52.1,518.27,570.37,81.1%,132.77,703.14,228.81,931.95,gender
Canada,312.22,1 627.86,1 940.08,48.3%,2 078.69,4 018.77,3.27,4 022.03,gender
Czechia,2.37,25.06,27.42,38.7%,43.36,70.78,1.57,72.35,gender
Denmark,126.38,750.2,876.58,53.8%,752.95,1 629.54,171.57,1 801.11,gender
EU Institutions,501.52,12 796.88,13 298.4,60.5%,8 664.9,21 963.31,,21 963.31,gender
Estonia,0.72,0.23,0.94,4.2%,21.26,22.2,2.04,24.24,gender
Finland,14.63,275.9,290.53,67.2%,141.58,432.11,56.42,488.52,gender
France,533.78,3 977.95,4 511.73,53%,4 002.42,8 514.15,654.17,9 168.32,gender
Germany,1 093.54,12 417.24,13 510.77,73%,4 988.08,18 498.86,1 107.11,19 605.96,gender
Hungary,0.58,0.5,1.08,3.4%,30.58,31.66,139.6,171.26,gender
Iceland,10.98,41.65,52.63,74.6%,17.96,70.58,,70.58,gender
Ireland,72.05,363.3,435.35,72.8%,162.57,597.92,47.01,644.92,gender
Italy,53.22,496.35,549.56,40.6%,805.7,1 355.26,219.96,1 575.22,gender
Japan,212.87,10 039.32,10 252.19,55.7%,8 144,18 396.2,1 539.71,19 935.9,gender
Korea,173,1 135.91,1 308.91,25.1%,3 910.14,5 219.05,59.42,5 278.47,gender
Latvia,0.65,0.28,0.93,4.1%,21.72,22.65,,22.65,gender
Lithuania,0.32,1.9,2.23,4.2%,50.65,52.88,25.94,78.82,gender
Luxembourg,25.88,117.32,143.2,36.5%,249.06,392.26,0,392.26,gender
Netherlands,807.81,1 953.91,2 761.73,81.6%,622.64,3 384.36,0,3 384.36,gender
New Zealand,24.1,319.99,344.09,69.3%,152.26,496.35,0,496.35,gender
Norway,250.85,1 626.5,1 877.35,54.2%,1 585.68,3 463.03,,3 463.03,gender
Poland,3.74,10.9,14.64,10.6%,123.67,138.31,82.9,221.21,gender
Portugal,2.96,55.13,58.09,34.9%,108.37,166.46,1.15,167.62,gender
Romania,0.06,0.03,0.09,0.2%,48.45,48.54,51.08,99.61,gender
Slovak Republic,0.17,3.5,3.67,12%,26.95,30.62,0.01,30.63,gender
Slovenia,3.07,2.57,5.63,20.9%,21.36,27,3.12,30.11,gender
Spain,242.19,374.59,616.78,52.8%,552.13,1 168.91,6.13,1 175.04,gender
Sweden,191.25,723.85,915.1,53.7%,789.45,1 704.55,64.25,1 768.8,gender
Switzerland,73.92,1 434.14,1 508.06,66.2%,771.54,2 279.6,,2 279.6,gender
United Kingdom,588.91,4 417.44,5 006.35,75.6%,1 619.25,6 625.6,574.71,7 200.31,gender
United States,760.82,8 932.76,9 693.58,21.3%,35 789.45,45 483.03,0,45 483.03,gender
All DAC members,6 356.76,65 956.08,72 312.83,48.2%,77 563.47,149 876.3,5 040.13,154 916.4,gender
Australia,35.42,105.03,140.46,5.8%,2 273.68,2 414.14,,2 414.14,rmnch
Austria,4.18,41.49,45.66,10.1%,407.85,453.51,1.21,454.71,rmnch
Belgium,44.13,139.96,184.09,32.2%,387.73,571.82,360.13,931.95,rmnch
Canada,118.81,148.33,267.14,6.9%,3 615.68,3 882.82,139.21,4 022.03,rmnch
Czechia,2.45,3.99,6.44,9.1%,64.38,70.82,1.53,72.35,rmnch
Denmark,16.39,29.01,45.4,2.8%,1 560.71,1 606.11,194.99,1 801.11,rmnch
EU Institutions,679.98,1 577.17,2 257.15,10.3%,19 706.16,21 963.31,,21 963.31,rmnch
Estonia,0.1,0.06,0.16,0.6%,24.03,24.19,0.06,24.24,rmnch
Finland,21.6,9.77,31.37,7.4%,393.77,425.14,63.38,488.52,rmnch
France,98.35,120.64,218.99,10.7%,1 822.69,2 041.68,7 126.64,9 168.32,rmnch
Germany,320.26,1 552.02,1 872.28,10.9%,15 285.83,17 158.11,2 447.86,19 605.96,rmnch
Iceland,1.75,6.72,8.47,12%,61.87,70.33,0.25,70.58,rmnch
Ireland,41.16,110.61,151.78,25.6%,441.75,593.53,51.4,644.92,rmnch
Italy,38.84,100.55,139.39,11.7%,1 050.96,1 190.35,384.88,1 575.22,rmnch
Japan,208.34,318.91,527.25,2.8%,18 603.07,19 130.32,805.59,19 935.9,rmnch
Korea,118.92,238.91,357.83,6.9%,4 860.21,5 218.03,60.43,5 278.47,rmnch
Lithuania,0.58,9.14,9.72,17.4%,46.11,55.83,22.99,78.82,rmnch
Luxembourg,25.93,9.4,35.33,9%,356.93,392.26,0,392.26,rmnch
Netherlands,601.87,336.61,938.49,27.7%,2 445.88,3 384.36,0,3 384.36,rmnch
New Zealand,12.42,57.56,69.97,14.1%,426.37,496.35,0,496.35,rmnch
Norway,132.8,172.33,305.13,8.8%,3 157.89,3 463.03,,3 463.03,rmnch
Poland,4,10.13,14.14,9.6%,132.49,146.62,74.59,221.21,rmnch
Portugal,2.66,14.8,17.46,10.5%,148.91,166.36,1.25,167.62,rmnch
Romania,0.01,0.07,0.08,0.2%,48.45,48.53,51.09,99.61,rmnch
Slovak Republic,0.01,0.59,0.6,2%,29.94,30.54,0.09,30.63,rmnch
Slovenia,0.13,1.21,1.34,6.3%,20.02,21.36,8.75,30.11,rmnch
Spain,51.93,129.52,181.45,15.5%,987.46,1 168.91,6.13,1 175.04,rmnch
Sweden,155.74,130.84,286.58,17%,1 400.59,1 687.17,81.63,1 768.8,rmnch
Switzerland,6.62,103.49,110.11,4.8%,2 169.49,2 279.6,,2 279.6,rmnch
United Kingdom,211.47,476.88,688.35,11.5%,5 280.01,5 968.36,1 231.95,7 200.31,rmnch
United States,2 012.82,1 287.9,3 300.72,7.3%,42 182.31,45 483.03,0,45 483.03,rmnch
All DAC members,4 969.67,7 243.65,12 213.32,8.6%,129 393.2,141 606.5,13 116.01,154 722.5,rmnch
Australia,20.59,61.33,81.92,3.4%,2 332.23,2 414.14,,2 414.14,biodiversity
Austria,11.66,43.89,55.55,12.2%,399.01,454.56,0.15,454.71,biodiversity
Belgium,34.48,139.07,173.54,26.9%,471.99,645.53,286.41,931.95,biodiversity
Canada,127.83,146.23,274.06,6.8%,3 736.27,4 010.33,11.7,4 022.03,biodiversity
Czechia,1.18,2.38,3.56,5%,68.04,71.6,0.74,72.35,biodiversity
Denmark,10.71,149.1,159.82,9.9%,1 448.67,1 608.49,192.62,1 801.11,biodiversity
EU Institutions,588.42,1 711.17,2 299.59,10.5%,19 663.72,21 963.31,,21 963.31,biodiversity
Estonia,0.94,0.11,1.05,11.1%,8.42,9.47,14.78,24.24,biodiversity
Finland,0.04,39.04,39.08,8.1%,445.39,484.47,4.05,488.52,biodiversity
France,276.08,1 871.11,2 147.19,26.1%,6 092.3,8 239.49,928.84,9 168.32,biodiversity
Germany,921.28,1 578.61,2 499.89,13.8%,15 650.24,18 150.13,1 455.84,19 605.96,biodiversity
Greece,0.09,,0.09,1.2%,7.79,7.89,,7.89,biodiversity
Hungary,1.21,5.24,6.45,18%,29.34,35.79,135.47,171.26,biodiversity
Iceland,0.55,9.53,10.08,14.3%,60.5,70.58,,70.58,biodiversity
Ireland,17.22,48.58,65.79,11.1%,526.47,592.27,52.66,644.92,biodiversity
Italy,74.91,99.45,174.36,13.4%,1 127.49,1 301.86,273.36,1 575.22,biodiversity
Japan,145.27,170.48,315.75,1.7%,18 139.08,18 454.83,1 481.07,19 935.9,biodiversity
Korea,16.23,265.63,281.87,5.4%,4 936.67,5 218.54,59.93,5 278.47,biodiversity
Luxembourg,0.59,14.98,15.57,4%,376.7,392.26,0,392.26,biodiversity
Netherlands,50.12,405.73,455.85,13.5%,2 928.51,3 384.36,0,3 384.36,biodiversity
New Zealand,38.39,72.62,111.01,22.4%,385.34,496.35,0,496.35,biodiversity
Norway,412.76,185.68,598.44,17.3%,2 864.59,3 463.03,,3 463.03,biodiversity
Poland,0.47,1.27,1.74,1.2%,144.55,146.29,74.92,221.21,biodiversity
Portugal,2.51,3.64,6.15,3.7%,160.32,166.46,1.15,167.62,biodiversity
Romania,0.08,,0.08,0.2%,48.53,48.6,51.01,99.61,biodiversity
Slovak Republic,0.52,0.42,0.94,3.1%,29.68,30.62,0.01,30.63,biodiversity
Slovenia,0.22,1.45,1.67,6.4%,24.51,26.18,3.94,30.11,biodiversity
Spain,62.76,172.37,235.13,20.1%,933.72,1 168.85,6.19,1 175.04,biodiversity
Sweden,75.26,136.14,211.4,12.5%,1 473.73,1 685.13,83.67,1 768.8,biodiversity
Switzerland,16.4,114.58,130.98,5.7%,2 148.62,2 279.6,,2 279.6,biodiversity
United Kingdom,236.78,741.82,978.6,15%,5 524.56,6 503.17,697.15,7 200.31,biodiversity
United States,773.23,684.71,1 457.94,3.2%,44 025.09,45 483.03,0,45 483.03,biodiversity
All DAC members,3 918.77,8 876.35,12 795.12,8.6%,136 212.1,149 007.2,5 815.66,154 822.9,biodiversity
Australia,59.65,568.73,628.37,26%,1 785.77,2 414.14,,2 414.14,climate_mitigation
Austria,30.48,44.23,74.71,16.4%,379.85,454.56,0.15,454.71,climate_mitigation
Belgium,48.05,196.26,244.32,36.7%,420.84,665.16,266.79,931.95,climate_mitigation
Canada,136.69,87.79,224.48,5.6%,3 794.04,4 018.52,3.51,4 022.03,climate_mitigation
Czechia,2.59,4.84,7.43,10.4%,64.18,71.61,0.73,72.35,climate_mitigation
Denmark,120.43,286.38,406.82,25.3%,1 202.11,1 608.93,192.17,1 801.11,climate_mitigation
EU Institutions,1 406.65,4 554.34,5 960.99,27.1%,16 002.32,21 963.31,,21 963.31,climate_mitigation
Estonia,1.43,0.58,2.01,21.3%,7.46,9.47,14.78,24.24,climate_mitigation
Finland,49.07,44.05,93.12,19.2%,391.35,484.47,4.05,488.52,climate_mitigation
France,2 792.74,1 514.01,4 306.75,51.8%,4 013.02,8 319.77,848.55,9 168.32,climate_mitigation
Germany,3 850.33,3 285.49,7 135.82,39.1%,11 098.98,18 234.8,1 371.17,19 605.96,climate_mitigation
Hungary,4.12,2.66,6.78,19.6%,27.88,34.66,136.6,171.26,climate_mitigation
Iceland,3.69,16.72,20.4,28.9%,50.18,70.58,,70.58,climate_mitigation
Ireland,23.04,51.96,75,12.6%,520.57,595.57,49.35,644.92,climate_mitigation
Italy,280.12,210.13,490.25,37.2%,828.99,1 319.24,255.98,1 575.22,climate_mitigation
Japan,6 791.32,2 308.02,9 099.34,46.6%,10 432.2,19 531.55,404.36,19 935.9,climate_mitigation
Korea,937.79,919.74,1 857.53,35.5%,3 377.85,5 235.37,43.09,5 278.47,climate_mitigation
Latvia,0.08,0.08,0.16,0.7%,22.49,22.65,,22.65,climate_mitigation
Lithuania,6.4,0.34,6.75,14.4%,40.04,46.79,32.03,78.82,climate_mitigation
Luxembourg,8,16.91,24.91,6.4%,367.35,392.26,0,392.26,climate_mitigation
Netherlands,171.28,625.96,797.24,23.6%,2 587.12,3 384.36,0,3 384.36,climate_mitigation
New Zealand,76.8,68.05,144.85,29.2%,351.5,496.35,0,496.35,climate_mitigation
Norway,450.13,277.13,727.26,21%,2 735.77,3 463.03,,3 463.03,climate_mitigation
Poland,1.12,6.62,7.75,5.2%,140.6,148.35,72.86,221.21,climate_mitigation
Portugal,0.92,4.44,5.36,3.2%,161.1,166.46,1.15,167.62,climate_mitigation
Slovak Republic,0.34,1.64,1.98,6.5%,28.64,30.62,0.01,30.63,climate_mitigation
Slovenia,0.08,5.41,5.49,20.9%,20.73,26.21,3.9,30.11,climate_mitigation
Spain,65.94,118.17,184.11,15.8%,984.74,1 168.85,6.19,1 175.04,climate_mitigation
Sweden,65.94,180.65,246.6,14.6%,1 441.72,1 688.31,80.49,1 768.8,climate_mitigation
Switzerland,84.36,200.93,285.29,12.5%,1 994.31,2 279.6,,2 279.6,climate_mitigation
United Kingdom,1 086.26,1 032.39,2 118.64,31.5%,4 605.87,6 724.51,475.8,7 200.31,climate_mitigation
United States,542.23,1 500.96,2 043.18,4.5%,43 439.85,45 483.03,0,45 483.03,climate_mitigation
All DAC members,19 098.09,18 135.62,37 233.7,24.7%,113 319.4,150 553.1,4 263.71,154 816.8,climate_mitigation
Australia,92.99,846.69,939.68,38.9%,1 474.46,2 414.14,,2 414.14,climate_adaptation
Austria,58.59,59.74,118.33,26%,336.23,454.56,0.15,454.71,climate_adaptation
Belgium,95.13,210.98,306.11,45.5%,366.29,672.4,259.54,931.95,climate_adaptation
Canada,276.68,164.65,441.33,11%,3 579.17,4 020.5,1.53,4 022.03,climate_adaptation
Czechia,2.62,8.05,10.67,14.9%,60.94,71.61,0.73,72.35,climate_adaptation
Denmark,161.95,405.89,567.84,35.4%,1 034.25,1 602.08,199.02,1 801.11,climate_adaptation
EU Institutions,1 586.63,3 376.11,4 962.74,22.6%,17 000.57,21 963.31,,21 963.31,climate_adaptation
Estonia,1.34,0.36,1.69,17.9%,7.77,9.47,14.78,24.24,climate_adaptation
Finland,22.68,69.52,92.2,19%,392.28,484.47,4.05,488.52,climate_adaptation
France,1 746.7,2 384.62,4 131.32,49.6%,4 201.48,8 332.8,835.52,9 168.32,climate_adaptation
Germany,946.75,4 084.05,5 030.8,27.4%,13 309.6,18 340.4,1 265.56,19 605.96,climate_adaptation
Greece,0,0,0.01,0.1%,7.88,7.89,,7.89,climate_adaptation
Hungary,0.09,1.34,1.43,4%,34.39,35.82,135.44,171.26,climate_adaptation
Iceland,2.4,24.73,27.13,38.4%,43.45,70.58,,70.58,climate_adaptation
Ireland,103.09,77.32,180.41,30.2%,417.7,598.11,46.82,644.92,climate_adaptation
Italy,79.74,227.05,306.79,23.8%,984.9,1 291.69,283.53,1 575.22,climate_adaptation
Japan,515.21,2 629.41,3 144.61,16.1%,16 396.75,19 541.37,394.54,19 935.9,climate_adaptation
Korea,645.83,1 927.75,2 573.58,49.2%,2 661.18,5 234.76,43.71,5 278.47,climate_adaptation
Latvia,0.07,0.09,0.15,0.7%,22.47,22.62,0.03,22.65,climate_adaptation
Lithuania,0.01,4.04,4.05,9.2%,40.08,44.13,34.69,78.82,climate_adaptation
Luxembourg,2.71,38.8,41.52,10.6%,350.75,392.26,0,392.26,climate_adaptation
Netherlands,472.15,1 292.47,1 764.62,52.1%,1 619.74,3 384.36,0,3 384.36,climate_adaptation
New Zealand,152.18,97.59,249.77,50.3%,246.57,496.35,0,496.35,climate_adaptation
Norway,202.48,349.31,551.79,15.9%,2 911.24,3 463.03,,3 463.03,climate_adaptation
Poland,1.11,6.5,7.61,5.1%,140.77,148.37,72.84,221.21,climate_adaptation
Portugal,2.87,4.42,7.29,4.4%,159.17,166.46,1.15,167.62,climate_adaptation
Slovak Republic,0.29,1.89,2.18,7.1%,28.44,30.62,0.01,30.63,climate_adaptation
Slovenia,1.74,3.49,5.24,20%,20.98,26.21,3.9,30.11,climate_adaptation
Spain,34.81,106.69,141.49,12.1%,1 027.36,1 168.85,6.19,1 175.04,climate_adaptation
Sweden,153.01,241.77,394.78,23.4%,1 293.59,1 688.37,80.43,1 768.8,climate_adaptation
Switzerland,99.19,277.58,376.77,16.5%,1 902.83,2 279.6,,2 279.6,climate_adaptation
United Kingdom,578.88,1 450.52,2 029.4,30.2%,4 695.1,6 724.5,475.81,7 200.31,climate_adaptation
United States,175.91,4 652.69,4 828.6,10.6%,40 654.43,45 483.03,0,45 483.03,climate_adaptation
All DAC members,8 215.8,25 026.12,33 241.93,22.1%,117 422.8,150 664.7,4 159.97,154 824.7,climate_adaptation
Austria,4.17,16.7,20.87,4.6%,433.69,454.56,0.15,454.71,desertification
Belgium,10.81,89.65,100.46,15.5%,548.66,649.12,282.82,931.95,desertification
Canada,0.73,40.01,40.74,1%,3 969.05,4 009.79,12.24,4 022.03,desertification
Czechia,0.44,1.99,2.43,3.4%,69.18,71.61,0.73,72.35,desertification
Denmark,4.35,9.81,14.16,0.9%,1 603.93,1 618.09,183.01,1 801.11,desertification
EU Institutions,66.82,1 340.2,1 407.03,6.4%,20 556.28,21 963.31,,21 963.31,desertification
Estonia,0.09,0,0.09,1%,9.37,9.46,14.78,24.24,desertification
France,115.01,107.57,222.58,5.6%,3 735.81,3 958.39,5 209.93,9 168.32,desertification
Germany,39.55,953.5,993.05,5.5%,16 961.14,17 954.19,1 651.77,19 605.96,desertification
Hungary,1.19,0.17,1.36,3.8%,34.45,35.81,135.45,171.26,desertification
Iceland,1.25,3.62,4.87,6.9%,65.71,70.58,,70.58,desertification
Ireland,5.05,36.17,41.22,7%,549.05,590.27,54.66,644.92,desertification
Italy,27.31,127.99,155.3,12%,1 141.59,1 296.89,278.33,1 575.22,desertification
Japan,6.04,92.98,99.02,0.5%,19 010.96,19 109.98,825.92,19 935.9,desertification
Korea,16.59,70.22,86.81,1.7%,5 131.1,5 217.9,60.56,5 278.47,desertification
Luxembourg,0.34,14.67,15.01,3.8%,377.25,392.26,0,392.26,desertification
Netherlands,59.73,53.09,112.82,3.3%,3 271.54,3 384.36,0,3 384.36,desertification
Norway,0.83,117.51,118.34,3.4%,3 344.68,3 463.03,,3 463.03,desertification
Poland,0.03,1.31,1.34,0.9%,144.9,146.25,74.96,221.21,desertification
Portugal,0.04,1.47,1.51,0.9%,164.95,166.46,1.15,167.62,desertification
Slovak Republic,0.12,0.01,0.13,0.4%,30.49,30.62,0.01,30.63,desertification
Slovenia,0.04,0.03,0.07,0.3%,21.26,21.33,8.78,30.11,desertification
Spain,44.22,117.79,162.01,13.9%,1 006.67,1 168.68,6.36,1 175.04,desertification
Sweden,11.84,61.04,72.89,4.3%,1 612.23,1 685.11,83.69,1 768.8,desertification
Switzerland,0.57,55.73,56.3,2.5%,2 223.3,2 279.6,,2 279.6,desertification
United Kingdom,17.5,419.83,437.33,6.7%,6 052.19,6 489.52,710.79,7 200.31,desertification
All DAC members,434.65,3 733.11,4 167.76,4.3%,92 069.43,96 237.2,9 596.12,105 833.3,desertification
Australia,437.57,495.36,932.94,38.6%,1 481.21,2 414.14,,2 414.14,dig
Austria,87.28,69.76,157.04,34.5%,297.52,454.56,0.15,454.71,dig
Belgium,96.75,127.64,224.39,67%,110.67,335.06,596.88,931.95,dig
Canada,25.23,239.02,264.25,6.7%,3 687.91,3 952.16,69.87,4 022.03,dig
Czechia,6.92,22.5,29.41,41.6%,41.3,70.71,1.63,72.35,dig
Denmark,418.6,157.32,575.92,34.9%,1 075.33,1 651.25,149.85,1 801.11,dig
EU Institutions,5 817.3,3 933.54,9 750.84,44.4%,12 212.47,21 963.31,,21 963.31,dig
Estonia,4.54,0.43,4.97,22.1%,17.49,22.46,1.78,24.24,dig
Finland,130.69,64.03,194.73,45.6%,232.16,426.89,61.64,488.52,dig
France,1 456.48,3 782.05,5 238.53,65.6%,2 743.21,7 981.74,1 186.58,9 168.32,dig
Germany,2 321.86,4 626.95,6 948.81,39.1%,10 821.45,17 770.26,1 835.7,19 605.96,dig
Iceland,5.16,20.45,25.61,36.4%,44.72,70.33,0.25,70.58,dig
Ireland,92.94,137.12,230.06,38.5%,367.32,597.37,47.55,644.92,dig
Italy,199,349.07,548.07,40.2%,814.59,1 362.66,212.56,1 575.22,dig
Japan,288.19,477.92,766.11,4.2%,17 495.75,18 261.86,1 674.04,19 935.9,dig
Korea,124.41,391.68,516.09,9.9%,4 702.94,5 219.03,59.43,5 278.47,dig
Latvia,0.22,0.9,1.12,24.5%,3.45,4.57,18.08,22.65,dig
Lithuania,13.57,37.89,51.46,74%,18.12,69.58,9.24,78.82,dig
Luxembourg,50.7,76.9,127.6,32.5%,264.67,392.26,0,392.26,dig
Netherlands,1 247.33,377.12,1 624.45,48%,1 759.91,3 384.36,0,3 384.36,dig
New Zealand,45.59,182.56,228.15,46%,268.2,496.35,0,496.35,dig
Norway,367.62,321.96,689.58,19.9%,2 773.45,3 463.03,,3 463.03,dig
Poland,31.1,11.46,42.56,28.6%,106.02,148.57,72.63,221.21,dig
Portugal,18.83,10.21,29.04,17.4%,137.42,166.46,1.15,167.62,dig
Romania,0.2,0.01,0.21,0.4%,48.32,48.53,51.09,99.61,dig
Slovak Republic,11.08,1.5,12.58,41.1%,18.04,30.62,0.01,30.63,dig
Slovenia,2.3,2.22,4.52,16.1%,23.61,28.13,1.98,30.11,dig
Spain,225.19,182.98,408.17,34.9%,760.73,1 168.91,6.13,1 175.04,dig
Sweden,535.98,473.47,1 009.45,59.5%,688.04,1 697.49,71.31,1 768.8,dig
Switzerland,470.22,920.31,1 390.53,61%,889.07,2 279.6,,2 279.6,dig
United States,3 592.41,26.88,3 619.29,8%,41 863.74,45 483.03,0,45 483.03,dig
All DAC members,18 125.26,17 521.22,35 646.48,25.2%,105 768.8,141 415.3,6 129.55,147 544.9,dig
Australia,21.31,129.54,150.85,6.2%,2 263.29,2 414.14,,2 414.14,drr
Austria,29.4,73.08,102.48,22.5%,352.08,454.56,0.15,454.71,drr
Belgium,11.35,54.46,65.81,59.1%,45.47,111.28,820.66,931.95,drr
Canada,19.22,114.77,133.99,3.5%,3 726.52,3 860.52,161.52,4 022.03,drr
Czechia,1.41,10.01,11.42,15.8%,60.79,72.21,0.14,72.35,drr
Denmark,97.63,212.15,309.78,17.9%,1 419.46,1 729.24,71.86,1 801.11,drr
EU Institutions,1 327.67,3 661.8,4 989.47,22.7%,16 973.84,21 963.31,,21 963.31,drr
Estonia,1.88,2.52,4.4,21.2%,16.39,20.8,3.45,24.24,drr
Finland,2.9,24.42,27.32,6.6%,386.12,413.44,75.09,488.52,drr
France,214.18,21.1,235.29,4.7%,4 800.78,5 036.07,4 132.25,9 168.32,drr
Germany,530.74,1 381.06,1 911.79,22.6%,6 535.37,8 447.16,11 158.8,19 605.96,drr
Hungary,0.56,16.84,17.4,49.3%,17.88,35.28,135.97,171.26,drr
Iceland,5.78,19.13,24.91,35.3%,45.67,70.58,,70.58,drr
Ireland,38.16,151.04,189.2,31.9%,404.75,593.96,50.97,644.92,drr
Italy,27.07,105.15,132.22,10.7%,1 098.83,1 231.05,344.17,1 575.22,drr
Japan,558.38,1 827.34,2 385.73,13.3%,15 525.17,17 910.9,2 025,19 935.9,drr
Korea,301.88,2 325.04,2 626.92,50.3%,2 594.78,5 221.69,56.78,5 278.47,drr
Lithuania,13.86,29.75,43.61,74.7%,14.8,58.41,20.41,78.82,drr
Luxembourg,9.69,,9.69,100%,,9.69,382.58,392.26,drr
Netherlands,148.16,296.52,444.68,13.1%,2 939.68,3 384.36,0,3 384.36,drr
New Zealand,43.57,126.09,169.66,34.2%,326.68,496.35,0,496.35,drr
Norway,123.48,565.26,688.74,19.9%,2 774.29,3 463.03,,3 463.03,drr
Poland,4.56,8.4,12.97,6.7%,179.41,192.38,28.83,221.21,drr
Portugal,12.07,4.11,16.18,9.7%,150.25,166.43,1.19,167.62,drr
Romania,0.07,1.34,1.42,2.9%,47.18,48.6,51.02,99.61,drr
Slovak Republic,0.23,0.49,0.72,2.3%,29.91,30.62,0.01,30.63,drr
Slovenia,6.01,6.47,12.48,41.7%,17.42,29.9,0.21,30.11,drr
Spain,36.89,85.41,122.3,10.5%,1 046.61,1 168.91,6.13,1 175.04,drr
Sweden,190.18,262.72,452.89,27%,1 226.21,1 679.1,89.7,1 768.8,drr
Switzerland,52.56,270.87,323.43,14.2%,1 956.17,2 279.6,,2 279.6,drr
United Kingdom,44.4,332.96,377.36,7.6%,4 559.86,4 937.22,2 263.1,7 200.31,drr
United States,443.95,42.86,486.81,1.1%,44 996.22,45 483.03,0,45 483.03,drr
All DAC members,4 319.21,12 162.7,16 481.91,12.4%,116 531.9,133 013.8,21 879.99,154 893.8,drr
Australia,25.53,125.35,150.88,6.2%,2 263.26,2 414.14,,2 414.14,nutrition
Belgium,49.01,163.74,212.75,53%,188.89,401.64,530.31,931.95,nutrition
Canada,91.88,79.52,171.4,4.4%,3 686.46,3 857.86,164.18,4 022.03,nutrition
Czechia,3.86,5.34,9.2,12.7%,63.12,72.32,0.03,72.35,nutrition
Denmark,21.8,219.22,241.02,15.2%,1 346.04,1 587.06,214.04,1 801.11,nutrition
EU Institutions,71.99,976.72,1 048.71,4.8%,20 914.6,21 963.31,,21 963.31,nutrition
Finland,4.34,4.94,9.27,2.2%,404.16,413.44,75.09,488.52,nutrition
France,235.25,209.18,444.44,20.1%,1 764.81,2 209.24,6 959.08,9 168.32,nutrition
Germany,82.22,,82.22,100%,,82.22,19 523.74,19 605.96,nutrition
Greece,0,0,0,0%,7.89,7.89,,7.89,nutrition
Iceland,5.14,18.96,24.1,34.1%,46.48,70.58,,70.58,nutrition
Ireland,82.91,198.77,281.68,46.8%,320.33,602.01,42.91,644.92,nutrition
Italy,50.25,208.44,258.69,20.9%,980.08,1 238.77,336.45,1 575.22,nutrition
Japan,201.56,927.25,1 128.82,5.9%,18 013.43,19 142.25,793.66,19 935.9,nutrition
Korea,28.41,7.04,35.45,0.8%,4 234.05,4 269.5,1 008.97,5 278.47,nutrition
Lithuania,1.17,3.4,4.57,8.7%,47.79,52.37,26.45,78.82,nutrition
Luxembourg,3.25,,3.25,100%,,3.25,389.02,392.26,nutrition
Netherlands,2.63,,2.63,100%,,2.63,3 381.74,3 384.36,nutrition
New Zealand,1.21,2.88,4.09,1.2%,330.31,334.4,161.94,496.35,nutrition
Norway,4.18,,4.18,100%,,4.18,3 458.85,3 463.03,nutrition
Poland,2.02,9.67,11.68,6.1%,180.52,192.2,29,221.21,nutrition
Portugal,1,4.28,5.29,7.9%,61.98,67.27,100.35,167.62,nutrition
Romania,0.02,0.65,0.67,1.4%,47.87,48.55,51.07,99.61,nutrition
Slovak Republic,0.69,1.71,2.4,9.2%,23.6,26,4.63,30.63,nutrition
Slovenia,3.29,1.35,4.64,54.5%,3.87,8.51,21.6,30.11,nutrition
Spain,66.47,42.93,109.4,10.2%,960.37,1 069.77,105.27,1 175.04,nutrition
Sweden,1.95,,1.95,100%,,1.95,1 766.85,1 768.8,nutrition
Switzerland,86.7,327.67,414.37,18.2%,1 865.23,2 279.6,,2 279.6,nutrition
United Kingdom,85.24,1 210.36,1 295.6,23.5%,4 221.92,5 517.52,1 682.79,7 200.31,nutrition
United States,374.42,7 144.68,7 519.1,16.5%,37 963.93,45 483.03,0,45 483.03,nutrition
All DAC members,1 588.39,11 894.04,13 482.43,11.9%,99 941.01,113 423.4,40 828.02,154 251.5,nutrition
Australia,60.54,990.41,1 050.95,43.5%,1 363.19,2 414.14,,2 414.14,disability
Austria,2.67,50.55,53.22,11.7%,400.29,453.51,1.2,454.71,disability
Belgium,10.71,104.25,114.96,29.3%,277.42,392.38,539.56,931.95,disability
Canada,1.54,116.13,117.67,3.1%,3 723.54,3 841.22,180.82,4 022.03,disability
Czechia,2.69,5.57,8.26,11.4%,64.06,72.32,0.03,72.35,disability
Denmark,11.35,134.49,145.84,9.1%,1 456.81,1 602.65,198.45,1 801.11,disability
EU Institutions,239.97,6 470.83,6 710.8,30.6%,15 252.51,21 963.31,,21 963.31,disability
Finland,13.72,39.23,52.95,12.8%,360.48,413.44,75.09,488.52,disability
France,7.45,23.88,31.33,1.7%,1 810.46,1 841.79,7 326.53,9 168.32,disability
Germany,37.42,829.75,867.17,18.2%,3 896.88,4 764.05,14 841.92,19 605.96,disability
Iceland,0.12,33.65,33.77,48%,36.57,70.33,0.25,70.58,disability
Ireland,6.38,218.59,224.96,37.5%,374.73,599.69,45.23,644.92,disability
Italy,21.17,154.79,175.96,14.3%,1 053.89,1 229.86,345.37,1 575.22,disability
Japan,13.85,7 955.69,7 969.55,41.7%,11 157.47,19 127.02,808.89,19 935.9,disability
Korea,84.58,493.31,577.89,12%,4 257.72,4 835.61,442.86,5 278.47,disability
Lithuania,0.1,16.42,16.53,32%,35.17,51.7,27.12,78.82,disability
New Zealand,13.66,112.22,125.88,25.4%,370.46,496.35,0,496.35,disability
Norway,31.22,422.55,453.77,13.1%,3 009.26,3 463.03,,3 463.03,disability
Poland,2.95,11.1,14.05,7.7%,169.24,183.29,37.92,221.21,disability
Romania,0,0.01,0.02,0%,48.52,48.53,51.08,99.61,disability
Slovak Republic,0.17,0.37,0.53,2%,25.47,26,4.63,30.63,disability
Slovenia,0.73,0.32,1.05,11.9%,7.82,8.87,21.24,30.11,disability
Spain,11.21,111.44,122.65,10.5%,1 046.25,1 168.91,6.13,1 175.04,disability
Sweden,1.17,168.29,169.46,10.2%,1 495.16,1 664.62,104.18,1 768.8,disability
Switzerland,3.91,134.59,138.5,6.1%,2 141.1,2 279.6,,2 279.6,disability
United Kingdom,39.48,2 185.16,2 224.64,35.3%,4 078.4,6 303.04,897.27,7 200.31,disability
All DAC members,618.79,20 783.58,21 402.37,27%,57 912.88,79 315.25,25 955.77,105 271,disability
